methanol_bulk_molarity_M,reversible_voltage_V,max_current_density_A_cm2,peak_power_density_W_cm2,peak_power_current_density_A_cm2,peak_efficiency_HHV,open_circuit_crossover_current_density_A_cm2
0.5,1.1950466594656535,0.1578756568652534,0.15213984938865402,0.15708437932490468,0.7648128610921657,0.06051769039373685
1.0,1.1984627636146516,0.31575131424094255,0.28561685818071547,0.31337748161605894,0.7194176863115951,0.1210353807874737
3.0,1.203877160589372,0.46770735129954233,0.38952399218098405,0.459502779710693,0.4763317557995243,0.36310614236242106
